{
  "GCT": {
    "log_min": 0.36253461361378997,
    "log_max": 0.531378040839188
  },
  "Prometheus": {
    "log_min": 20.38773163033079,
    "log_max": 20.76515241806521
  }
}