{
  "method": "BASELINE",
  "cfg": [
    48,
    100,
    0.3,
    0.0001
  ],
  "rmse": 68.57478226009033,
  "mae": 57.00581488446695,
  "mape": 0.06935011956440991,
  "smape": 7.105757025258895
}