{
  "method": "GRID",
  "cfg": [
    24,
    256,
    0.1,
    0.0001
  ],
  "rmse": 62.7903313548514,
  "mae": 54.45384861240031,
  "mape": 0.06787459793123053,
  "smape": 6.780760541578097
}