{
  "method": "GRID",
  "cfg": [
    72,
    256,
    0.1,
    1e-05
  ],
  "rmse": 0.07685158617910295,
  "mae": 0.05906806269485478,
  "mape": 0.10947237392597782,
  "smape": 10.348910910781003,
  "time_sec": 1328.7526097297668
}