{
  "method": "MRFO",
  "cfg": [
    96,
    192,
    0.18,
    3.44e-05
  ],
  "rmse": 62.437902020907764,
  "mae": 53.54298411286442,
  "mape": 0.0659714614372732,
  "smape": 6.66841394318393
}