{
  "params": [
    96,
    192,
    0.17901136118538033,
    3.4247952186388675e-05
  ],
  "rmse": 0.07225296342014625,
  "mae": 0.05540448464376597,
  "mape": 0.10004221728758594,
  "smape": 9.640336420718741,
  "time_sec": 8579.660761117935
}