{
  "params": [
    96,
    256,
    0.1,
    6.944955133549374e-06
  ],
  "rmse": 0.0720791875035726,
  "mae": 0.055266343638975035,
  "mape": 0.09987016002604854,
  "smape": 9.632958410830256,
  "time_sec": 25871.359449625015
}