{
  "method": "PSO",
  "cfg": [
    24,
    256,
    0.1330122248165251,
    0.0004858921252567217
  ],
  "rmse": 62.59230283588486,
  "mae": 54.1658885859289,
  "mape": 0.06756808580111996,
  "smape": 6.744634998045473
}