{
  "method": "PSO",
  "cfg": [
    72,
    224,
    0.38165538045675484,
    3.341460581188734e-05
  ],
  "rmse": 0.08206951794537332,
  "mae": 0.06338227373419043,
  "mape": 0.11672544468262754,
  "smape": 11.071951232701073,
  "time_sec": 4209.9893963336945
}