{
  "method": "RAND",
  "cfg": [
    96,
    256,
    0.1,
    0.0001
  ],
  "rmse": 62.89378149193912,
  "mae": 54.335715369632666,
  "mape": 0.06724709629270562,
  "smape": 6.767559051128451
}