{
  "method": "RAND",
  "cfg": [
    96,
    256,
    0.1,
    1e-05
  ],
  "rmse": 0.0788543180825302,
  "mae": 0.060767939671942585,
  "mape": 0.11004825106646061,
  "smape": 10.623173199631921,
  "time_sec": 1046.8210580348969
}